[
  {
    "customer_name": "Ingeberg Cavanaugh",
    "email": "icavanaugh0@list-manage.com",
    "phone": "5297002117",
    "order": 93,
    "total_orders": 3530.42,
    "customer_since": "2022-11-11T05:12:49Z",
    "status": "Active"
  },
  {
    "customer_name": "Bancroft Widdecombe",
    "email": "bwiddecombe1@uiuc.edu",
    "phone": "4981086040",
    "order": 86,
    "total_orders": 6012.79,
    "customer_since": "2023-01-03T09:34:00Z",
    "status": "Block"
  },
  {
    "customer_name": "Donny Brimner",
    "email": "dbrimner2@irs.gov",
    "phone": "9184926015",
    "order": 42,
    "total_orders": 6232.42,
    "customer_since": "2022-12-29T10:43:06Z",
    "status": "Active"
  },
  {
    "customer_name": "Dee dee Brasher",
    "email": "ddee3@dmoz.org",
    "phone": "5617537962",
    "order": 1,
    "total_orders": 6993.02,
    "customer_since": "2022-12-27T09:11:28Z",
    "status": "Block"
  },
  {
    "customer_name": "Farah Rickard",
    "email": "frickard4@amazon.com",
    "phone": "3984264488",
    "order": 53,
    "total_orders": 6462.4,
    "customer_since": "2023-02-06T00:52:06Z",
    "status": "Block"
  },
  {
    "customer_name": "Monti Epperson",
    "email": "mepperson5@altervista.org",
    "phone": "0901686182",
    "order": 66,
    "total_orders": 4206.16,
    "customer_since": "2023-09-22T16:19:49Z",
    "status": "Active"
  },
  {
    "customer_name": "Calv O'Ruane",
    "email": "coruane6@ft.com",
    "phone": "5434127765",
    "order": 29,
    "total_orders": 6005.59,
    "customer_since": "2023-09-17T13:24:30Z",
    "status": "Block"
  },
  {
    "customer_name": "Katleen McShee",
    "email": "kmcshee7@furl.net",
    "phone": "4847466594",
    "order": 64,
    "total_orders": 8277.7,
    "customer_since": "2023-04-13T04:12:13Z",
    "status": "Block"
  },
  {
    "customer_name": "Lauri Pigot",
    "email": "lpigot8@ft.com",
    "phone": "4582528686",
    "order": 66,
    "total_orders": 8033.03,
    "customer_since": "2023-01-09T02:26:45Z",
    "status": "Active"
  },
  {
    "customer_name": "Wenonah Steketee",
    "email": "wsteketee9@wix.com",
    "phone": "0723516839",
    "order": 9,
    "total_orders": 2001.49,
    "customer_since": "2022-12-22T19:48:57Z",
    "status": "Block"
  },
  {
    "customer_name": "Abelard Cluff",
    "email": "acluffa@bizjournals.com",
    "phone": "1071727419",
    "order": 31,
    "total_orders": 6632.7,
    "customer_since": "2023-05-21T12:25:10Z",
    "status": "Block"
  },
  {
    "customer_name": "Humberto Francescozzi",
    "email": "hfrancescozzib@dmoz.org",
    "phone": "9744387564",
    "order": 90,
    "total_orders": 2704.74,
    "customer_since": "2022-11-15T15:21:44Z",
    "status": "Active"
  },
  {
    "customer_name": "Randi Rodwell",
    "email": "rrodwellc@china.com.cn",
    "phone": "1759832847",
    "order": 17,
    "total_orders": 4341.37,
    "customer_since": "2023-04-04T20:14:25Z",
    "status": "Active"
  },
  {
    "customer_name": "Sargent Bonnell",
    "email": "sbonnelld@live.com",
    "phone": "1826996109",
    "order": 22,
    "total_orders": 3826.96,
    "customer_since": "2023-02-13T20:32:52Z",
    "status": "Active"
  },
  {
    "customer_name": "Rhea holmes",
    "email": "rholmese@google.cn",
    "phone": "4365370669",
    "order": 28,
    "total_orders": 5679.55,
    "customer_since": "2023-10-15T07:12:25Z",
    "status": "Block"
  },
  {
    "customer_name": "Jaimie Mariault",
    "email": "jmariaultf@themeforest.net",
    "phone": "2856754686",
    "order": 77,
    "total_orders": 1331.5,
    "customer_since": "2023-05-06T01:04:09Z",
    "status": "Active"
  },
  {
    "customer_name": "Lynnell Fosse",
    "email": "lfosseg@skyrock.com",
    "phone": "0323167616",
    "order": 65,
    "total_orders": 7519.18,
    "customer_since": "2022-12-19T07:36:28Z",
    "status": "Block"
  },
  {
    "customer_name": "Ibby Schooling",
    "email": "ischoolingh@ox.ac.uk",
    "phone": "8606095133",
    "order": 30,
    "total_orders": 3752.17,
    "customer_since": "2023-10-08T08:37:26Z",
    "status": "Block"
  },
  {
    "customer_name": "Shane Scaplehorn",
    "email": "sscaplehorni@plala.or.jp",
    "phone": "2835581936",
    "order": 87,
    "total_orders": 5317.72,
    "customer_since": "2023-02-28T23:38:23Z",
    "status": "Active"
  },
  {
    "customer_name": "Coop Friberg",
    "email": "cfribergj@bloomberg.com",
    "phone": "2273927096",
    "order": 31,
    "total_orders": 2087.64,
    "customer_since": "2023-07-08T01:41:10Z",
    "status": "Block"
  },
  {
    "customer_name": "Kerk Biaggi",
    "email": "kbiaggik@springer.com",
    "phone": "2631748654",
    "order": 32,
    "total_orders": 5888.58,
    "customer_since": "2023-10-01T07:45:55Z",
    "status": "Active"
  },
  {
    "customer_name": "Sunny Fausch",
    "email": "sfauschl@hatena.ne.jp",
    "phone": "6254691108",
    "order": 21,
    "total_orders": 9782.74,
    "customer_since": "2022-11-10T22:30:24Z",
    "status": "Block"
  },
  {
    "customer_name": "Heinrik Mountstephen",
    "email": "hmountstephenm@chicagotribune.com",
    "phone": "8469207806",
    "order": 50,
    "total_orders": 7457.6,
    "customer_since": "2023-06-07T04:12:43Z",
    "status": "Block"
  },
  {
    "customer_name": "Garey Djuricic",
    "email": "gdjuricicn@paginegialle.it",
    "phone": "5931949429",
    "order": 25,
    "total_orders": 7714.87,
    "customer_since": "2023-08-24T13:14:34Z",
    "status": "Active"
  },
  {
    "customer_name": "Tonia Coare",
    "email": "tcoareo@skyrock.com",
    "phone": "1578750458",
    "order": 81,
    "total_orders": 8955.16,
    "customer_since": "2022-11-12T13:22:13Z",
    "status": "Active"
  },
  {
    "customer_name": "Caritta Makeswell",
    "email": "cmakeswellp@exblog.jp",
    "phone": "8728750012",
    "order": 50,
    "total_orders": 4873.48,
    "customer_since": "2023-08-10T13:56:10Z",
    "status": "Active"
  },
  {
    "customer_name": "Ode Licciardiello",
    "email": "olicciardielloq@mac.com",
    "phone": "9951180515",
    "order": 58,
    "total_orders": 2514.01,
    "customer_since": "2023-03-03T14:56:20Z",
    "status": "Active"
  },
  {
    "customer_name": "Cele Monckton",
    "email": "cmoncktonr@hostgator.com",
    "phone": "9313030128",
    "order": 5,
    "total_orders": 8350.68,
    "customer_since": "2023-07-09T22:09:56Z",
    "status": "Active"
  },
  {
    "customer_name": "Lu Eshmade",
    "email": "leshmades@amazon.co.jp",
    "phone": "5764146097",
    "order": 49,
    "total_orders": 1859.92,
    "customer_since": "2023-02-28T21:42:40Z",
    "status": "Active"
  },
  {
    "customer_name": "Germain Jonin",
    "email": "gjonint@imgur.com",
    "phone": "1946577839",
    "order": 80,
    "total_orders": 4712.15,
    "customer_since": "2023-09-03T12:05:10Z",
    "status": "Block"
  },
  {
    "customer_name": "Franny Kestell",
    "email": "fkestellu@slate.com",
    "phone": "6786813305",
    "order": 86,
    "total_orders": 4870.36,
    "customer_since": "2023-09-16T00:00:24Z",
    "status": "Block"
  },
  {
    "customer_name": "Gottfried Levi",
    "email": "gleviv@tripadvisor.com",
    "phone": "1017471584",
    "order": 98,
    "total_orders": 6165.4,
    "customer_since": "2023-06-24T04:23:14Z",
    "status": "Block"
  },
  {
    "customer_name": "Gwyneth Beaumont",
    "email": "gbeaumontw@epa.gov",
    "phone": "9375012999",
    "order": 93,
    "total_orders": 5818.83,
    "customer_since": "2022-12-19T01:48:44Z",
    "status": "Block"
  },
  {
    "customer_name": "Tarrah Learoyd",
    "email": "tlearoydx@irs.gov",
    "phone": "0297542532",
    "order": 8,
    "total_orders": 4952.48,
    "customer_since": "2022-11-28T09:23:43Z",
    "status": "Block"
  },
  {
    "customer_name": "Freemon Catherick",
    "email": "fcathericky@tuttocitta.it",
    "phone": "3022948794",
    "order": 98,
    "total_orders": 7085.74,
    "customer_since": "2023-09-08T16:53:07Z",
    "status": "Active"
  },
  {
    "customer_name": "Krysta Waldram",
    "email": "kwaldramz@desdev.cn",
    "phone": "4723074988",
    "order": 31,
    "total_orders": 2015.17,
    "customer_since": "2023-03-25T04:41:10Z",
    "status": "Active"
  },
  {
    "customer_name": "Kassie Hake",
    "email": "khake10@cam.ac.uk",
    "phone": "8087014642",
    "order": 18,
    "total_orders": 6713.41,
    "customer_since": "2022-12-07T08:07:36Z",
    "status": "Block"
  },
  {
    "customer_name": "Tabby Nuscha",
    "email": "tnuscha11@harvard.edu",
    "phone": "3323671821",
    "order": 31,
    "total_orders": 4885.97,
    "customer_since": "2023-01-13T01:52:43Z",
    "status": "Block"
  },
  {
    "customer_name": "Jeno Bickerdyke",
    "email": "jbickerdyke12@columbia.edu",
    "phone": "7748756651",
    "order": 78,
    "total_orders": 9467.37,
    "customer_since": "2023-06-03T01:45:26Z",
    "status": "Active"
  },
  {
    "customer_name": "Thelma Camies",
    "email": "tcamies13@issuu.com",
    "phone": "7604017282",
    "order": 55,
    "total_orders": 3879.15,
    "customer_since": "2023-02-03T13:11:39Z",
    "status": "Active"
  },
  {
    "customer_name": "Denny Dictus",
    "email": "ddictus14@prweb.com",
    "phone": "5559845574",
    "order": 98,
    "total_orders": 8829.05,
    "customer_since": "2023-04-21T06:17:06Z",
    "status": "Block"
  },
  {
    "customer_name": "Tallou Kidney",
    "email": "tkidney15@hostgator.com",
    "phone": "1604191163",
    "order": 21,
    "total_orders": 4348.54,
    "customer_since": "2023-09-26T19:41:18Z",
    "status": "Active"
  },
  {
    "customer_name": "Kelbee Freeberne",
    "email": "kfreeberne16@unicef.org",
    "phone": "8711438576",
    "order": 32,
    "total_orders": 1005.6,
    "customer_since": "2023-05-24T20:15:08Z",
    "status": "Block"
  },
  {
    "customer_name": "Lulita Dundridge",
    "email": "ldundridge17@yale.edu",
    "phone": "5978990425",
    "order": 31,
    "total_orders": 7523.1,
    "customer_since": "2023-08-05T07:49:37Z",
    "status": "Block"
  },
  {
    "customer_name": "Caspar Comizzoli",
    "email": "ccomizzoli18@hibu.com",
    "phone": "0886612721",
    "order": 39,
    "total_orders": 2613.54,
    "customer_since": "2023-08-24T12:46:51Z",
    "status": "Active"
  },
  {
    "customer_name": "Terri Ungerechts",
    "email": "tungerechts19@tumblr.com",
    "phone": "0727342258",
    "order": 25,
    "total_orders": 6714.59,
    "customer_since": "2023-03-04T15:03:56Z",
    "status": "Block"
  },
  {
    "customer_name": "Mariejeanne Trengove",
    "email": "mtrengove1a@techcrunch.com",
    "phone": "8647651014",
    "order": 21,
    "total_orders": 5630.08,
    "customer_since": "2023-10-06T22:19:01Z",
    "status": "Block"
  },
  {
    "customer_name": "Pamela Minard",
    "email": "pminard1b@forbes.com",
    "phone": "8398215909",
    "order": 33,
    "total_orders": 7986.11,
    "customer_since": "2022-12-17T02:37:08Z",
    "status": "Active"
  },
  {
    "customer_name": "Andie Bramhall",
    "email": "abramhall1c@unc.edu",
    "phone": "3854612753",
    "order": 99,
    "total_orders": 2951.84,
    "customer_since": "2023-08-03T05:33:44Z",
    "status": "Block"
  },
  {
    "customer_name": "Sutherland Clapston",
    "email": "sclapston1d@wikia.com",
    "phone": "9126932822",
    "order": 55,
    "total_orders": 7411.68,
    "customer_since": "2023-05-04T19:04:23Z",
    "status": "Active"
  }
]