[
  {
    "contact_name": "Jasmina",
    "number": "(999) 2690241",
    "leads_score": 190,
    "location": "Muyi",
    "created_at": "2023-08-07T13:26:20Z"
  },
  {
    "contact_name": "Selena",
    "number": "(801) 7105680",
    "leads_score": 186,
    "location": "San Pedro",
    "created_at": "2023-10-25T09:18:02Z"
  },
  {
    "contact_name": "Pansy",
    "number": "(518) 1478122",
    "leads_score": 178,
    "location": "Albany",
    "created_at": "2023-08-17T08:14:35Z"
  },
  {
    "contact_name": "Rutter",
    "number": "(893) 8464496",
    "leads_score": 236,
    "location": "Iballë",
    "created_at": "2023-10-23T20:27:41Z"
  },
  {
    "contact_name": "Inger",
    "number": "(160) 2478683",
    "leads_score": 365,
    "location": "Kouvarás",
    "created_at": "2023-07-13T00:45:49Z"
  },
  {
    "contact_name": "Lin",
    "number": "(741) 7061377",
    "leads_score": 165,
    "location": "Reforma",
    "created_at": "2023-12-30T11:48:44Z"
  },
  {
    "contact_name": "Gardner",
    "number": "(991) 5767010",
    "leads_score": 383,
    "location": "Eastern Suburbs Mc",
    "created_at": "2023-12-24T07:05:21Z"
  },
  {
    "contact_name": "Sybyl",
    "number": "(243) 3096273",
    "leads_score": 245,
    "location": "Paine",
    "created_at": "2024-02-10T00:49:27Z"
  },
  {
    "contact_name": "Linea",
    "number": "(440) 6966738",
    "leads_score": 181,
    "location": "Velké Karlovice",
    "created_at": "2023-10-07T13:47:19Z"
  },
  {
    "contact_name": "Aeriela",
    "number": "(151) 2631152",
    "leads_score": 123,
    "location": "Faḩmah",
    "created_at": "2024-01-10T02:26:57Z"
  }
]