[
  {
    "date_time": "2022-12-17T18:35:01Z",
    "order_id": 3262,
    "food_name": "Mén",
    "rating": 4.2,
    "amount": 119.8,
    "status": "Refund"
  },
  {
    "date_time": "2023-04-06T11:37:57Z",
    "order_id": 7631,
    "food_name": "Maïlys",
    "rating": 2.6,
    "amount": 271.2,
    "status": "Paid"
  },
  {
    "date_time": "2023-08-22T22:44:12Z",
    "order_id": 8299,
    "food_name": "Stéphanie",
    "rating": 3.5,
    "amount": 934.1,
    "status": "Cancel"
  },
  {
    "date_time": "2023-01-07T17:08:18Z",
    "order_id": 5164,
    "food_name": "Faîtes",
    "rating": 4.9,
    "amount": 137.0,
    "status": "Cancel"
  },
  {
    "date_time": "2023-06-12T01:50:09Z",
    "order_id": 5365,
    "food_name": "Mahélie",
    "rating": 3.1,
    "amount": 523.3,
    "status": "Refund"
  },
  {
    "date_time": "2023-01-23T20:22:14Z",
    "order_id": 6909,
    "food_name": "Yáo",
    "rating": 1.9,
    "amount": 171.0,
    "status": "Paid"
  },
  {
    "date_time": "2022-11-02T22:12:40Z",
    "order_id": 7448,
    "food_name": "Estève",
    "rating": 4.2,
    "amount": 525.7,
    "status": "Refund"
  },
  {
    "date_time": "2023-08-11T21:17:24Z",
    "order_id": 5565,
    "food_name": "Léonore",
    "rating": 3.1,
    "amount": 813.1,
    "status": "Cancel"
  },
  {
    "date_time": "2023-05-21T08:28:21Z",
    "order_id": 3546,
    "food_name": "Geneviève",
    "rating": 1.1,
    "amount": 821.6,
    "status": "Cancel"
  },
  {
    "date_time": "2022-11-03T00:18:09Z",
    "order_id": 4435,
    "food_name": "Torbjörn",
    "rating": 4.8,
    "amount": 595.6,
    "status": "Refund"
  },
  {
    "date_time": "2022-12-01T01:08:15Z",
    "order_id": 3299,
    "food_name": "Edmée",
    "rating": 4.5,
    "amount": 666.7,
    "status": "Refund"
  },
  {
    "date_time": "2023-03-09T16:43:35Z",
    "order_id": 8155,
    "food_name": "Agnès",
    "rating": 4.8,
    "amount": 365.8,
    "status": "Paid"
  },
  {
    "date_time": "2023-04-14T14:26:36Z",
    "order_id": 5921,
    "food_name": "Séréna",
    "rating": 4.1,
    "amount": 882.3,
    "status": "Cancel"
  },
  {
    "date_time": "2022-12-14T16:28:05Z",
    "order_id": 7116,
    "food_name": "Océanne",
    "rating": 4.6,
    "amount": 871.8,
    "status": "Paid"
  },
  {
    "date_time": "2023-07-14T20:38:01Z",
    "order_id": 9234,
    "food_name": "Ruì",
    "rating": 3.5,
    "amount": 116.3,
    "status": "Refund"
  },
  {
    "date_time": "2023-11-01T22:09:07Z",
    "order_id": 4897,
    "food_name": "Görel",
    "rating": 1.2,
    "amount": 816.0,
    "status": "Refund"
  },
  {
    "date_time": "2023-02-08T15:35:08Z",
    "order_id": 7628,
    "food_name": "Ruì",
    "rating": 4.7,
    "amount": 478.4,
    "status": "Cancel"
  },
  {
    "date_time": "2023-04-03T01:24:10Z",
    "order_id": 8352,
    "food_name": "Cécilia",
    "rating": 3.2,
    "amount": 403.6,
    "status": "Paid"
  },
  {
    "date_time": "2023-08-16T07:08:19Z",
    "order_id": 8206,
    "food_name": "Pénélope",
    "rating": 5.0,
    "amount": 120.0,
    "status": "Paid"
  },
  {
    "date_time": "2023-09-07T02:52:01Z",
    "order_id": 9299,
    "food_name": "Bérangère",
    "rating": 4.9,
    "amount": 371.8,
    "status": "Refund"
  },
  {
    "date_time": "2022-12-03T02:42:21Z",
    "order_id": 5963,
    "food_name": "Géraldine",
    "rating": 1.7,
    "amount": 186.2,
    "status": "Paid"
  },
  {
    "date_time": "2023-02-06T10:28:45Z",
    "order_id": 1030,
    "food_name": "Cléopatre",
    "rating": 4.2,
    "amount": 659.0,
    "status": "Paid"
  },
  {
    "date_time": "2023-02-28T14:00:59Z",
    "order_id": 1067,
    "food_name": "Mélys",
    "rating": 1.1,
    "amount": 205.5,
    "status": "Refund"
  },
  {
    "date_time": "2022-11-05T07:28:54Z",
    "order_id": 3236,
    "food_name": "Mélys",
    "rating": 1.4,
    "amount": 151.5,
    "status": "Cancel"
  },
  {
    "date_time": "2022-11-04T10:30:58Z",
    "order_id": 7862,
    "food_name": "Pål",
    "rating": 1.5,
    "amount": 192.4,
    "status": "Refund"
  },
  {
    "date_time": "2023-05-10T08:35:43Z",
    "order_id": 7080,
    "food_name": "Adélie",
    "rating": 1.8,
    "amount": 703.0,
    "status": "Refund"
  },
  {
    "date_time": "2023-04-28T16:07:16Z",
    "order_id": 4046,
    "food_name": "Uò",
    "rating": 1.5,
    "amount": 333.9,
    "status": "Paid"
  },
  {
    "date_time": "2023-05-13T08:04:01Z",
    "order_id": 8780,
    "food_name": "Laïla",
    "rating": 5.0,
    "amount": 745.9,
    "status": "Refund"
  },
  {
    "date_time": "2023-03-18T02:50:20Z",
    "order_id": 7513,
    "food_name": "Maïté",
    "rating": 1.8,
    "amount": 825.9,
    "status": "Paid"
  },
  {
    "date_time": "2023-09-08T03:17:13Z",
    "order_id": 7579,
    "food_name": "Loïc",
    "rating": 2.0,
    "amount": 287.7,
    "status": "Paid"
  },
  {
    "date_time": "2023-04-23T07:50:56Z",
    "order_id": 3111,
    "food_name": "Vénus",
    "rating": 1.2,
    "amount": 496.8,
    "status": "Cancel"
  },
  {
    "date_time": "2022-11-18T01:48:14Z",
    "order_id": 8647,
    "food_name": "Néhémie",
    "rating": 4.8,
    "amount": 848.2,
    "status": "Cancel"
  },
  {
    "date_time": "2023-02-17T13:38:12Z",
    "order_id": 4375,
    "food_name": "Rébecca",
    "rating": 1.0,
    "amount": 797.3,
    "status": "Paid"
  },
  {
    "date_time": "2023-07-02T01:54:03Z",
    "order_id": 3924,
    "food_name": "Yóu",
    "rating": 2.5,
    "amount": 409.0,
    "status": "Paid"
  },
  {
    "date_time": "2023-05-28T08:36:22Z",
    "order_id": 5585,
    "food_name": "Yáo",
    "rating": 1.5,
    "amount": 691.1,
    "status": "Paid"
  },
  {
    "date_time": "2023-04-19T18:56:27Z",
    "order_id": 5199,
    "food_name": "Kallisté",
    "rating": 4.1,
    "amount": 676.0,
    "status": "Refund"
  },
  {
    "date_time": "2023-03-22T13:11:37Z",
    "order_id": 2451,
    "food_name": "Åslög",
    "rating": 4.3,
    "amount": 144.2,
    "status": "Refund"
  },
  {
    "date_time": "2023-07-13T04:41:36Z",
    "order_id": 9806,
    "food_name": "Frédérique",
    "rating": 3.2,
    "amount": 713.9,
    "status": "Paid"
  },
  {
    "date_time": "2023-04-11T22:31:58Z",
    "order_id": 5378,
    "food_name": "Judicaël",
    "rating": 2.0,
    "amount": 217.3,
    "status": "Refund"
  },
  {
    "date_time": "2023-10-16T20:40:44Z",
    "order_id": 4361,
    "food_name": "Yáo",
    "rating": 4.8,
    "amount": 310.7,
    "status": "Cancel"
  },
  {
    "date_time": "2023-08-29T03:19:33Z",
    "order_id": 6697,
    "food_name": "Béatrice",
    "rating": 4.0,
    "amount": 564.6,
    "status": "Paid"
  },
  {
    "date_time": "2023-03-26T05:03:24Z",
    "order_id": 1441,
    "food_name": "Léane",
    "rating": 4.7,
    "amount": 158.3,
    "status": "Cancel"
  },
  {
    "date_time": "2023-09-26T16:31:44Z",
    "order_id": 9834,
    "food_name": "Örjan",
    "rating": 4.6,
    "amount": 229.1,
    "status": "Cancel"
  },
  {
    "date_time": "2023-07-29T14:52:50Z",
    "order_id": 5822,
    "food_name": "Bérengère",
    "rating": 1.4,
    "amount": 534.9,
    "status": "Paid"
  },
  {
    "date_time": "2023-06-18T21:36:20Z",
    "order_id": 5258,
    "food_name": "Pål",
    "rating": 3.9,
    "amount": 126.3,
    "status": "Refund"
  },
  {
    "date_time": "2023-04-20T07:30:08Z",
    "order_id": 3549,
    "food_name": "Célestine",
    "rating": 4.8,
    "amount": 610.4,
    "status": "Refund"
  },
  {
    "date_time": "2023-09-18T04:08:30Z",
    "order_id": 8715,
    "food_name": "Danièle",
    "rating": 4.2,
    "amount": 583.9,
    "status": "Cancel"
  },
  {
    "date_time": "2023-07-07T13:42:02Z",
    "order_id": 9339,
    "food_name": "Laurène",
    "rating": 2.7,
    "amount": 643.3,
    "status": "Paid"
  },
  {
    "date_time": "2023-05-16T14:18:58Z",
    "order_id": 5469,
    "food_name": "Camélia",
    "rating": 3.7,
    "amount": 437.1,
    "status": "Refund"
  },
  {
    "date_time": "2023-05-29T07:02:38Z",
    "order_id": 3724,
    "food_name": "Måns",
    "rating": 4.7,
    "amount": 802.9,
    "status": "Paid"
  },
  {
    "date_time": "2023-09-30T14:43:10Z",
    "order_id": 8394,
    "food_name": "Alizée",
    "rating": 1.8,
    "amount": 865.1,
    "status": "Refund"
  },
  {
    "date_time": "2023-07-19T20:42:22Z",
    "order_id": 3288,
    "food_name": "Aí",
    "rating": 3.9,
    "amount": 626.4,
    "status": "Refund"
  },
  {
    "date_time": "2023-08-02T14:43:39Z",
    "order_id": 4708,
    "food_name": "Andréa",
    "rating": 3.0,
    "amount": 378.1,
    "status": "Refund"
  },
  {
    "date_time": "2023-04-17T10:48:59Z",
    "order_id": 5119,
    "food_name": "Cinéma",
    "rating": 2.7,
    "amount": 461.4,
    "status": "Paid"
  },
  {
    "date_time": "2023-10-05T06:50:56Z",
    "order_id": 3815,
    "food_name": "Séréna",
    "rating": 4.4,
    "amount": 489.2,
    "status": "Paid"
  },
  {
    "date_time": "2023-08-21T04:55:42Z",
    "order_id": 6264,
    "food_name": "Noémie",
    "rating": 4.6,
    "amount": 323.7,
    "status": "Paid"
  },
  {
    "date_time": "2023-05-01T23:42:30Z",
    "order_id": 8241,
    "food_name": "Tú",
    "rating": 3.8,
    "amount": 287.3,
    "status": "Paid"
  },
  {
    "date_time": "2023-01-21T18:12:38Z",
    "order_id": 1275,
    "food_name": "Mahélie",
    "rating": 3.5,
    "amount": 423.6,
    "status": "Refund"
  },
  {
    "date_time": "2023-03-28T15:57:52Z",
    "order_id": 6407,
    "food_name": "Dù",
    "rating": 4.2,
    "amount": 106.9,
    "status": "Cancel"
  },
  {
    "date_time": "2022-12-16T04:42:16Z",
    "order_id": 5394,
    "food_name": "Ruò",
    "rating": 2.5,
    "amount": 716.9,
    "status": "Cancel"
  },
  {
    "date_time": "2023-08-14T21:22:00Z",
    "order_id": 4558,
    "food_name": "Thérèse",
    "rating": 2.5,
    "amount": 689.6,
    "status": "Refund"
  },
  {
    "date_time": "2023-08-21T23:37:03Z",
    "order_id": 4783,
    "food_name": "Lèi",
    "rating": 2.5,
    "amount": 327.2,
    "status": "Refund"
  },
  {
    "date_time": "2023-03-04T04:06:39Z",
    "order_id": 9234,
    "food_name": "Estée",
    "rating": 4.2,
    "amount": 198.3,
    "status": "Refund"
  },
  {
    "date_time": "2023-07-04T07:21:06Z",
    "order_id": 9487,
    "food_name": "Réservés",
    "rating": 4.3,
    "amount": 627.6,
    "status": "Paid"
  },
  {
    "date_time": "2022-11-12T23:27:28Z",
    "order_id": 4483,
    "food_name": "Nadège",
    "rating": 3.7,
    "amount": 715.8,
    "status": "Paid"
  },
  {
    "date_time": "2023-10-09T13:14:53Z",
    "order_id": 8328,
    "food_name": "Salomé",
    "rating": 3.0,
    "amount": 628.7,
    "status": "Refund"
  },
  {
    "date_time": "2022-11-28T15:35:44Z",
    "order_id": 2744,
    "food_name": "Léana",
    "rating": 1.6,
    "amount": 238.8,
    "status": "Refund"
  },
  {
    "date_time": "2023-01-25T01:54:55Z",
    "order_id": 1292,
    "food_name": "Pål",
    "rating": 2.8,
    "amount": 455.7,
    "status": "Refund"
  },
  {
    "date_time": "2023-01-30T12:51:47Z",
    "order_id": 3165,
    "food_name": "Dorothée",
    "rating": 1.8,
    "amount": 866.6,
    "status": "Paid"
  },
  {
    "date_time": "2023-03-08T01:49:55Z",
    "order_id": 7898,
    "food_name": "Léone",
    "rating": 1.7,
    "amount": 986.6,
    "status": "Paid"
  },
  {
    "date_time": "2023-05-05T09:49:34Z",
    "order_id": 3943,
    "food_name": "Pò",
    "rating": 3.6,
    "amount": 200.4,
    "status": "Cancel"
  },
  {
    "date_time": "2023-01-09T02:31:49Z",
    "order_id": 2520,
    "food_name": "Kù",
    "rating": 2.0,
    "amount": 870.5,
    "status": "Refund"
  },
  {
    "date_time": "2023-05-14T19:03:59Z",
    "order_id": 7635,
    "food_name": "Rébecca",
    "rating": 2.5,
    "amount": 168.1,
    "status": "Refund"
  },
  {
    "date_time": "2023-09-27T21:21:46Z",
    "order_id": 3531,
    "food_name": "Cunégonde",
    "rating": 4.0,
    "amount": 482.8,
    "status": "Paid"
  },
  {
    "date_time": "2023-02-02T06:20:21Z",
    "order_id": 1111,
    "food_name": "Mélys",
    "rating": 1.0,
    "amount": 793.3,
    "status": "Paid"
  },
  {
    "date_time": "2023-07-03T15:04:31Z",
    "order_id": 2608,
    "food_name": "Félicie",
    "rating": 2.6,
    "amount": 575.7,
    "status": "Paid"
  },
  {
    "date_time": "2023-01-05T01:08:57Z",
    "order_id": 6753,
    "food_name": "Audréanne",
    "rating": 1.4,
    "amount": 341.1,
    "status": "Paid"
  },
  {
    "date_time": "2023-08-10T08:08:23Z",
    "order_id": 2438,
    "food_name": "Yáo",
    "rating": 1.2,
    "amount": 367.8,
    "status": "Cancel"
  },
  {
    "date_time": "2023-08-10T02:16:13Z",
    "order_id": 2223,
    "food_name": "Gaétane",
    "rating": 2.0,
    "amount": 597.4,
    "status": "Cancel"
  },
  {
    "date_time": "2023-07-29T19:18:16Z",
    "order_id": 5777,
    "food_name": "Crééz",
    "rating": 2.3,
    "amount": 202.1,
    "status": "Cancel"
  },
  {
    "date_time": "2023-03-20T15:59:44Z",
    "order_id": 1975,
    "food_name": "Lèi",
    "rating": 3.9,
    "amount": 975.3,
    "status": "Refund"
  },
  {
    "date_time": "2023-04-20T16:33:51Z",
    "order_id": 1605,
    "food_name": "Clélia",
    "rating": 4.6,
    "amount": 863.3,
    "status": "Refund"
  },
  {
    "date_time": "2023-05-01T04:42:05Z",
    "order_id": 1158,
    "food_name": "Maéna",
    "rating": 2.9,
    "amount": 248.6,
    "status": "Paid"
  },
  {
    "date_time": "2023-10-15T00:31:33Z",
    "order_id": 8475,
    "food_name": "Mahélie",
    "rating": 4.2,
    "amount": 120.6,
    "status": "Paid"
  },
  {
    "date_time": "2023-03-18T00:35:17Z",
    "order_id": 1043,
    "food_name": "Östen",
    "rating": 1.6,
    "amount": 814.8,
    "status": "Paid"
  },
  {
    "date_time": "2022-12-16T17:12:12Z",
    "order_id": 8452,
    "food_name": "André",
    "rating": 1.4,
    "amount": 629.5,
    "status": "Paid"
  },
  {
    "date_time": "2023-06-04T19:07:51Z",
    "order_id": 1591,
    "food_name": "Börje",
    "rating": 2.8,
    "amount": 261.8,
    "status": "Paid"
  },
  {
    "date_time": "2023-02-22T10:32:01Z",
    "order_id": 4243,
    "food_name": "Hélène",
    "rating": 4.1,
    "amount": 616.7,
    "status": "Refund"
  },
  {
    "date_time": "2023-05-05T01:14:36Z",
    "order_id": 3200,
    "food_name": "Anaël",
    "rating": 2.5,
    "amount": 141.1,
    "status": "Cancel"
  },
  {
    "date_time": "2022-11-03T01:21:00Z",
    "order_id": 3270,
    "food_name": "Ráo",
    "rating": 1.0,
    "amount": 928.4,
    "status": "Cancel"
  },
  {
    "date_time": "2023-08-30T06:07:18Z",
    "order_id": 9138,
    "food_name": "Eléa",
    "rating": 1.3,
    "amount": 414.1,
    "status": "Refund"
  },
  {
    "date_time": "2022-11-04T13:16:05Z",
    "order_id": 6920,
    "food_name": "Mylène",
    "rating": 4.1,
    "amount": 235.8,
    "status": "Cancel"
  },
  {
    "date_time": "2022-12-10T17:19:29Z",
    "order_id": 6464,
    "food_name": "Andréa",
    "rating": 2.8,
    "amount": 897.2,
    "status": "Refund"
  },
  {
    "date_time": "2023-02-07T23:05:44Z",
    "order_id": 9452,
    "food_name": "Kù",
    "rating": 1.8,
    "amount": 781.5,
    "status": "Paid"
  },
  {
    "date_time": "2022-12-30T21:11:37Z",
    "order_id": 9162,
    "food_name": "Ophélie",
    "rating": 2.7,
    "amount": 823.9,
    "status": "Cancel"
  },
  {
    "date_time": "2023-04-28T01:17:55Z",
    "order_id": 3707,
    "food_name": "Adélie",
    "rating": 4.2,
    "amount": 951.2,
    "status": "Paid"
  },
  {
    "date_time": "2023-06-01T19:41:01Z",
    "order_id": 6787,
    "food_name": "Maéna",
    "rating": 4.2,
    "amount": 595.3,
    "status": "Refund"
  },
  {
    "date_time": "2023-05-07T12:34:02Z",
    "order_id": 7000,
    "food_name": "Nadège",
    "rating": 3.3,
    "amount": 798.1,
    "status": "Refund"
  },
  {
    "date_time": "2023-03-25T21:43:55Z",
    "order_id": 8149,
    "food_name": "Maëlyss",
    "rating": 2.4,
    "amount": 421.8,
    "status": "Paid"
  },
  {
    "date_time": "2023-04-23T14:21:46Z",
    "order_id": 1235,
    "food_name": "Joséphine",
    "rating": 4.2,
    "amount": 523.8,
    "status": "Cancel"
  }
]