[
  {
    "name": "Cathleen",
    "order_no": 9337,
    "transaction": "Cash",
    "delivery_status": "On The Way",
    "time": "2022-11-21T09:53:16Z"
  },
  {
    "name": "Harlene",
    "order_no": 1319,
    "transaction": "Cash",
    "delivery_status": "Pending",
    "time": "2022-12-10T01:14:44Z"
  },
  {
    "name": "Alexandra",
    "order_no": 3016,
    "transaction": "Cash",
    "delivery_status": "Delivered",
    "time": "2023-02-06T05:15:09Z"
  },
  {
    "name": "Camilla",
    "order_no": 3231,
    "transaction": "Cash",
    "delivery_status": "On The Way",
    "time": "2023-04-06T06:50:26Z"
  },
  {
    "name": "Dorena",
    "order_no": 5297,
    "transaction": "Cash",
    "delivery_status": "On The Way",
    "time": "2022-12-18T21:12:34Z"
  },
  {
    "name": "Annabelle",
    "order_no": 8791,
    "transaction": "Cash",
    "delivery_status": "Delivered",
    "time": "2023-04-06T10:53:08Z"
  },
  {
    "name": "Ferdinand",
    "order_no": 1551,
    "transaction": "Cash",
    "delivery_status": "Delivered",
    "time": "2023-03-08T18:26:31Z"
  },
  {
    "name": "Seka",
    "order_no": 4259,
    "transaction": "Cash",
    "delivery_status": "Pending",
    "time": "2023-06-07T17:45:40Z"
  },
  {
    "name": "Marwin",
    "order_no": 1037,
    "transaction": "Cash",
    "delivery_status": "Pending",
    "time": "2023-03-05T09:06:09Z"
  },
  {
    "name": "Zarah",
    "order_no": 8866,
    "transaction": "Cash",
    "delivery_status": "Delivered",
    "time": "2023-03-07T23:45:36Z"
  },
  {
    "name": "Allyson",
    "order_no": 9668,
    "transaction": "Cash",
    "delivery_status": "Delivered",
    "time": "2023-09-20T11:15:26Z"
  },
  {
    "name": "Annamaria",
    "order_no": 6073,
    "transaction": "Cash",
    "delivery_status": "On The Way",
    "time": "2023-08-18T00:52:52Z"
  },
  {
    "name": "Orton",
    "order_no": 4079,
    "transaction": "Cash",
    "delivery_status": "On The Way",
    "time": "2022-12-28T16:00:03Z"
  },
  {
    "name": "Karylin",
    "order_no": 1944,
    "transaction": "Cash",
    "delivery_status": "On The Way",
    "time": "2023-05-10T05:21:12Z"
  },
  {
    "name": "Humberto",
    "order_no": 6119,
    "transaction": "Cash",
    "delivery_status": "Delivered",
    "time": "2023-07-20T23:05:57Z"
  },
  {
    "name": "Jorge",
    "order_no": 6767,
    "transaction": "Cash",
    "delivery_status": "Delivered",
    "time": "2023-02-11T13:59:38Z"
  },
  {
    "name": "Jobey",
    "order_no": 7082,
    "transaction": "Cash",
    "delivery_status": "On The Way",
    "time": "2023-08-18T04:24:26Z"
  },
  {
    "name": "Sianna",
    "order_no": 6665,
    "transaction": "Cash",
    "delivery_status": "On The Way",
    "time": "2023-02-03T22:36:21Z"
  },
  {
    "name": "Nancy",
    "order_no": 3961,
    "transaction": "Cash",
    "delivery_status": "Delivered",
    "time": "2023-03-30T11:01:29Z"
  },
  {
    "name": "Rene",
    "order_no": 4059,
    "transaction": "Cash",
    "delivery_status": "Pending",
    "time": "2022-12-08T20:53:03Z"
  },
  {
    "name": "Caterina",
    "order_no": 1784,
    "transaction": "Cash",
    "delivery_status": "Pending",
    "time": "2023-04-24T06:19:05Z"
  },
  {
    "name": "Sherye",
    "order_no": 9568,
    "transaction": "Cash",
    "delivery_status": "Pending",
    "time": "2023-10-19T15:13:50Z"
  },
  {
    "name": "Cully",
    "order_no": 7128,
    "transaction": "Cash",
    "delivery_status": "Pending",
    "time": "2023-09-08T23:22:52Z"
  },
  {
    "name": "Vevay",
    "order_no": 7913,
    "transaction": "Cash",
    "delivery_status": "On The Way",
    "time": "2023-03-11T23:36:20Z"
  },
  {
    "name": "Cassius",
    "order_no": 6130,
    "transaction": "Cash",
    "delivery_status": "On The Way",
    "time": "2023-08-13T13:34:28Z"
  },
  {
    "name": "Anabal",
    "order_no": 9258,
    "transaction": "Cash",
    "delivery_status": "On The Way",
    "time": "2023-10-02T11:59:42Z"
  },
  {
    "name": "Emylee",
    "order_no": 2062,
    "transaction": "Cash",
    "delivery_status": "Delivered",
    "time": "2022-12-10T09:29:45Z"
  },
  {
    "name": "Buddy",
    "order_no": 3118,
    "transaction": "Cash",
    "delivery_status": "Delivered",
    "time": "2022-11-26T23:48:27Z"
  },
  {
    "name": "Zulema",
    "order_no": 5143,
    "transaction": "Cash",
    "delivery_status": "Delivered",
    "time": "2023-08-08T02:32:45Z"
  },
  {
    "name": "Doralynn",
    "order_no": 7708,
    "transaction": "Cash",
    "delivery_status": "On The Way",
    "time": "2023-09-02T19:12:44Z"
  }
]