[
  {
    "product_name": "Donnell",
    "sku": 4223,
    "price": 931,
    "rating": 8.0,
    "status": "Pending"
  },
  {
    "product_name": "Gothart",
    "sku": 9040,
    "price": 830,
    "rating": 5.5,
    "status": "Draft"
  },
  {
    "product_name": "Emlynn",
    "sku": 8795,
    "price": 944,
    "rating": 4.0,
    "status": "Publish"
  },
  {
    "product_name": "Adams",
    "sku": 7924,
    "price": 480,
    "rating": 3.3,
    "status": "Publish"
  },
  {
    "product_name": "Myrwyn",
    "sku": 2510,
    "price": 496,
    "rating": 5.7,
    "status": "Pending"
  },
  {
    "product_name": "Blanca",
    "sku": 3849,
    "price": 258,
    "rating": 5.5,
    "status": "Draft"
  },
  {
    "product_name": "Chlo",
    "sku": 2868,
    "price": 540,
    "rating": 0.1,
    "status": "Pending"
  },
  {
    "product_name": "Diannne",
    "sku": 8742,
    "price": 746,
    "rating": 6.3,
    "status": "Publish"
  },
  {
    "product_name": "Ludvig",
    "sku": 1846,
    "price": 415,
    "rating": 1.1,
    "status": "Publish"
  },
  {
    "product_name": "Ruperta",
    "sku": 2037,
    "price": 640,
    "rating": 6.2,
    "status": "Pending"
  },
  {
    "product_name": "Delora",
    "sku": 9772,
    "price": 45,
    "rating": 2.0,
    "status": "Pending"
  },
  {
    "product_name": "Susann",
    "sku": 6852,
    "price": 82,
    "rating": 1.3,
    "status": "Draft"
  },
  {
    "product_name": "Andrei",
    "sku": 4901,
    "price": 287,
    "rating": 4.0,
    "status": "Publish"
  },
  {
    "product_name": "Brockie",
    "sku": 4569,
    "price": 641,
    "rating": 3.5,
    "status": "Draft"
  },
  {
    "product_name": "Cynde",
    "sku": 7402,
    "price": 51,
    "rating": 6.1,
    "status": "Pending"
  },
  {
    "product_name": "Ad",
    "sku": 2871,
    "price": 753,
    "rating": 0.9,
    "status": "Pending"
  },
  {
    "product_name": "Joell",
    "sku": 6788,
    "price": 977,
    "rating": 9.0,
    "status": "Publish"
  },
  {
    "product_name": "Gunther",
    "sku": 4179,
    "price": 12,
    "rating": 1.3,
    "status": "Draft"
  },
  {
    "product_name": "Ethelda",
    "sku": 7558,
    "price": 799,
    "rating": 7.4,
    "status": "Draft"
  },
  {
    "product_name": "Odessa",
    "sku": 7075,
    "price": 200,
    "rating": 5.2,
    "status": "Pending"
  },
  {
    "product_name": "Fowler",
    "sku": 9737,
    "price": 753,
    "rating": 0.5,
    "status": "Draft"
  },
  {
    "product_name": "Rivi",
    "sku": 3216,
    "price": 616,
    "rating": 0.7,
    "status": "Draft"
  },
  {
    "product_name": "Elbertina",
    "sku": 5489,
    "price": 320,
    "rating": 3.6,
    "status": "Pending"
  },
  {
    "product_name": "Bradan",
    "sku": 4483,
    "price": 270,
    "rating": 0.3,
    "status": "Publish"
  },
  {
    "product_name": "Tiffany",
    "sku": 7053,
    "price": 665,
    "rating": 0.1,
    "status": "Pending"
  },
  {
    "product_name": "Millard",
    "sku": 9447,
    "price": 801,
    "rating": 2.4,
    "status": "Pending"
  },
  {
    "product_name": "Mirabel",
    "sku": 2148,
    "price": 521,
    "rating": 3.5,
    "status": "Draft"
  },
  {
    "product_name": "Haroun",
    "sku": 9394,
    "price": 92,
    "rating": 8.5,
    "status": "Pending"
  },
  {
    "product_name": "Cathleen",
    "sku": 9438,
    "price": 187,
    "rating": 6.5,
    "status": "Draft"
  },
  {
    "product_name": "Randolf",
    "sku": 1876,
    "price": 438,
    "rating": 5.1,
    "status": "Draft"
  },
  {
    "product_name": "Angelita",
    "sku": 7543,
    "price": 53,
    "rating": 4.2,
    "status": "Publish"
  },
  {
    "product_name": "Adolf",
    "sku": 1877,
    "price": 325,
    "rating": 7.8,
    "status": "Publish"
  },
  {
    "product_name": "Arluene",
    "sku": 5737,
    "price": 302,
    "rating": 1.8,
    "status": "Draft"
  },
  {
    "product_name": "Shawn",
    "sku": 5519,
    "price": 465,
    "rating": 2.8,
    "status": "Draft"
  },
  {
    "product_name": "Cory",
    "sku": 4885,
    "price": 105,
    "rating": 6.2,
    "status": "Draft"
  },
  {
    "product_name": "Shana",
    "sku": 2399,
    "price": 56,
    "rating": 5.7,
    "status": "Pending"
  },
  {
    "product_name": "Birch",
    "sku": 2479,
    "price": 849,
    "rating": 4.1,
    "status": "Pending"
  },
  {
    "product_name": "Inness",
    "sku": 2433,
    "price": 632,
    "rating": 1.2,
    "status": "Draft"
  },
  {
    "product_name": "Gustav",
    "sku": 3584,
    "price": 21,
    "rating": 0.3,
    "status": "Pending"
  },
  {
    "product_name": "Werner",
    "sku": 5741,
    "price": 18,
    "rating": 0.4,
    "status": "Publish"
  },
  {
    "product_name": "Valeria",
    "sku": 5947,
    "price": 643,
    "rating": 4.4,
    "status": "Draft"
  },
  {
    "product_name": "Mersey",
    "sku": 4123,
    "price": 355,
    "rating": 4.6,
    "status": "Publish"
  },
  {
    "product_name": "Byrle",
    "sku": 3262,
    "price": 37,
    "rating": 4.1,
    "status": "Publish"
  },
  {
    "product_name": "Editha",
    "sku": 5657,
    "price": 881,
    "rating": 4.9,
    "status": "Draft"
  },
  {
    "product_name": "Christan",
    "sku": 5904,
    "price": 493,
    "rating": 5.2,
    "status": "Pending"
  },
  {
    "product_name": "Marris",
    "sku": 3181,
    "price": 855,
    "rating": 6.8,
    "status": "Pending"
  },
  {
    "product_name": "Belle",
    "sku": 8467,
    "price": 352,
    "rating": 7.1,
    "status": "Publish"
  },
  {
    "product_name": "Mahalia",
    "sku": 3165,
    "price": 852,
    "rating": 3.6,
    "status": "Draft"
  },
  {
    "product_name": "Artemus",
    "sku": 8023,
    "price": 313,
    "rating": 8.7,
    "status": "Pending"
  },
  {
    "product_name": "Julienne",
    "sku": 1871,
    "price": 625,
    "rating": 0.7,
    "status": "Draft"
  },
  {
    "product_name": "Alina",
    "sku": 5002,
    "price": 238,
    "rating": 7.5,
    "status": "Pending"
  },
  {
    "product_name": "Sayres",
    "sku": 8197,
    "price": 974,
    "rating": 0.8,
    "status": "Pending"
  },
  {
    "product_name": "Candy",
    "sku": 6805,
    "price": 63,
    "rating": 8.5,
    "status": "Pending"
  },
  {
    "product_name": "Coleen",
    "sku": 7591,
    "price": 933,
    "rating": 5.0,
    "status": "Draft"
  },
  {
    "product_name": "Basilius",
    "sku": 7566,
    "price": 665,
    "rating": 6.9,
    "status": "Draft"
  },
  {
    "product_name": "Granny",
    "sku": 3721,
    "price": 836,
    "rating": 8.0,
    "status": "Draft"
  },
  {
    "product_name": "Kahlil",
    "sku": 9057,
    "price": 476,
    "rating": 8.2,
    "status": "Draft"
  },
  {
    "product_name": "Vito",
    "sku": 3015,
    "price": 825,
    "rating": 5.5,
    "status": "Pending"
  },
  {
    "product_name": "Kassandra",
    "sku": 6599,
    "price": 147,
    "rating": 0.9,
    "status": "Publish"
  },
  {
    "product_name": "Cathleen",
    "sku": 9109,
    "price": 338,
    "rating": 1.7,
    "status": "Publish"
  },
  {
    "product_name": "Nollie",
    "sku": 8140,
    "price": 658,
    "rating": 3.6,
    "status": "Pending"
  },
  {
    "product_name": "Othella",
    "sku": 7234,
    "price": 726,
    "rating": 3.9,
    "status": "Pending"
  },
  {
    "product_name": "Alyson",
    "sku": 5441,
    "price": 619,
    "rating": 8.3,
    "status": "Pending"
  },
  {
    "product_name": "Malinda",
    "sku": 7822,
    "price": 245,
    "rating": 1.4,
    "status": "Draft"
  },
  {
    "product_name": "Daffy",
    "sku": 5534,
    "price": 207,
    "rating": 0.9,
    "status": "Draft"
  },
  {
    "product_name": "Artie",
    "sku": 9223,
    "price": 502,
    "rating": 4.0,
    "status": "Pending"
  },
  {
    "product_name": "Agnesse",
    "sku": 4946,
    "price": 502,
    "rating": 5.3,
    "status": "Pending"
  },
  {
    "product_name": "Rudolph",
    "sku": 1312,
    "price": 210,
    "rating": 1.6,
    "status": "Pending"
  },
  {
    "product_name": "Gustav",
    "sku": 4974,
    "price": 125,
    "rating": 4.7,
    "status": "Draft"
  },
  {
    "product_name": "Corissa",
    "sku": 2625,
    "price": 232,
    "rating": 2.9,
    "status": "Draft"
  },
  {
    "product_name": "Trent",
    "sku": 6429,
    "price": 902,
    "rating": 8.9,
    "status": "Publish"
  },
  {
    "product_name": "Clari",
    "sku": 6073,
    "price": 501,
    "rating": 3.1,
    "status": "Pending"
  },
  {
    "product_name": "Audy",
    "sku": 8514,
    "price": 291,
    "rating": 2.8,
    "status": "Pending"
  },
  {
    "product_name": "Ferdinande",
    "sku": 8110,
    "price": 625,
    "rating": 8.2,
    "status": "Draft"
  },
  {
    "product_name": "Arda",
    "sku": 9347,
    "price": 615,
    "rating": 1.4,
    "status": "Draft"
  },
  {
    "product_name": "Tyrone",
    "sku": 9117,
    "price": 480,
    "rating": 6.5,
    "status": "Draft"
  },
  {
    "product_name": "Harriette",
    "sku": 5493,
    "price": 202,
    "rating": 0.7,
    "status": "Draft"
  },
  {
    "product_name": "Daffie",
    "sku": 3172,
    "price": 446,
    "rating": 7.2,
    "status": "Publish"
  },
  {
    "product_name": "Silvanus",
    "sku": 7879,
    "price": 60,
    "rating": 3.8,
    "status": "Publish"
  },
  {
    "product_name": "Querida",
    "sku": 5088,
    "price": 939,
    "rating": 7.9,
    "status": "Publish"
  },
  {
    "product_name": "Bertina",
    "sku": 2809,
    "price": 241,
    "rating": 7.7,
    "status": "Pending"
  },
  {
    "product_name": "Milena",
    "sku": 9582,
    "price": 159,
    "rating": 3.8,
    "status": "Pending"
  },
  {
    "product_name": "Johannah",
    "sku": 4592,
    "price": 638,
    "rating": 5.7,
    "status": "Draft"
  },
  {
    "product_name": "Marney",
    "sku": 7520,
    "price": 674,
    "rating": 2.5,
    "status": "Draft"
  },
  {
    "product_name": "Austina",
    "sku": 5498,
    "price": 427,
    "rating": 1.7,
    "status": "Draft"
  },
  {
    "product_name": "Farris",
    "sku": 6805,
    "price": 447,
    "rating": 1.4,
    "status": "Draft"
  },
  {
    "product_name": "Aldus",
    "sku": 1172,
    "price": 970,
    "rating": 1.8,
    "status": "Draft"
  },
  {
    "product_name": "Calv",
    "sku": 3099,
    "price": 358,
    "rating": 0.4,
    "status": "Pending"
  },
  {
    "product_name": "Rawley",
    "sku": 6142,
    "price": 271,
    "rating": 5.2,
    "status": "Publish"
  },
  {
    "product_name": "Lorilee",
    "sku": 6103,
    "price": 986,
    "rating": 6.2,
    "status": "Publish"
  },
  {
    "product_name": "Guglielmo",
    "sku": 7286,
    "price": 291,
    "rating": 3.4,
    "status": "Pending"
  },
  {
    "product_name": "Wileen",
    "sku": 7222,
    "price": 384,
    "rating": 4.0,
    "status": "Publish"
  },
  {
    "product_name": "Jamil",
    "sku": 2824,
    "price": 652,
    "rating": 1.4,
    "status": "Pending"
  },
  {
    "product_name": "Gladys",
    "sku": 9421,
    "price": 116,
    "rating": 6.9,
    "status": "Draft"
  },
  {
    "product_name": "Gerhardt",
    "sku": 6239,
    "price": 961,
    "rating": 5.2,
    "status": "Publish"
  },
  {
    "product_name": "Hiram",
    "sku": 3575,
    "price": 930,
    "rating": 1.0,
    "status": "Draft"
  },
  {
    "product_name": "Kristy",
    "sku": 8464,
    "price": 710,
    "rating": 3.8,
    "status": "Pending"
  },
  {
    "product_name": "Janis",
    "sku": 6631,
    "price": 308,
    "rating": 1.5,
    "status": "Pending"
  },
  {
    "product_name": "Alvina",
    "sku": 2102,
    "price": 875,
    "rating": 7.2,
    "status": "Draft"
  },
  {
    "product_name": "Torrance",
    "sku": 6936,
    "price": 671,
    "rating": 2.0,
    "status": "Publish"
  }
]