[
  {
    "name": "Salicylic Acid",
    "total_product": 85,
    "total_sales": 413,
    "address": "7076 Huxley Road",
    "email": "lblake0@typepad.com",
    "phone_number": "+692 (372) 984-5783"
  },
  {
    "name": "Ergocalciferol",
    "total_product": 13,
    "total_sales": 618,
    "address": "22508 Lakewood Gardens Lane",
    "email": "dgrishelyov1@ehow.com",
    "phone_number": "+63 (876) 619-7069"
  },
  {
    "name": "ROPIVACAINE HYDROCHLORIDE MONOHYDRATE",
    "total_product": 25,
    "total_sales": 423,
    "address": "439 Summer Ridge Alley",
    "email": "mkleint2@infoseek.co.jp",
    "phone_number": "+86 (606) 711-8078"
  },
  {
    "name": "nitroglycerin",
    "total_product": 16,
    "total_sales": 590,
    "address": "660 Browning Road",
    "email": "cblencowe3@hud.gov",
    "phone_number": "+62 (954) 971-2586"
  },
  {
    "name": "Guaifenesin and Pseudoephedrine HCl",
    "total_product": 55,
    "total_sales": 250,
    "address": "032 Ilene Alley",
    "email": "tpinkerton4@techcrunch.com",
    "phone_number": "+86 (861) 499-8488"
  },
  {
    "name": "triclosan",
    "total_product": 16,
    "total_sales": 965,
    "address": "6460 Kipling Court",
    "email": "tmcclean5@ca.gov",
    "phone_number": "+62 (797) 976-4955"
  },
  {
    "name": "PANTOPRAZOLE SODIUM",
    "total_product": 95,
    "total_sales": 250,
    "address": "5914 Manufacturers Plaza",
    "email": "bcoan6@elegantthemes.com",
    "phone_number": "+57 (210) 497-2856"
  },
  {
    "name": "ziprasidone hydrochloride",
    "total_product": 92,
    "total_sales": 435,
    "address": "0975 Shelley Pass",
    "email": "ecanavan7@yahoo.co.jp",
    "phone_number": "+1 (353) 195-2403"
  },
  {
    "name": "Tamsulosin hydrochloride",
    "total_product": 11,
    "total_sales": 864,
    "address": "328 Spenser Crossing",
    "email": "obuscombe8@weather.com",
    "phone_number": "+7 (439) 952-8157"
  },
  {
    "name": "Triclosan",
    "total_product": 18,
    "total_sales": 897,
    "address": "0 Sunfield Trail",
    "email": "tatherton9@blogs.com",
    "phone_number": "+86 (221) 986-8979"
  },
  {
    "name": "Aspirin",
    "total_product": 25,
    "total_sales": 610,
    "address": "0557 Maple Terrace",
    "email": "bcumesa@statcounter.com",
    "phone_number": "+381 (130) 513-2654"
  },
  {
    "name": "Etomidate",
    "total_product": 56,
    "total_sales": 613,
    "address": "4 Anthes Court",
    "email": "fmilesapb@google.co.uk",
    "phone_number": "+420 (415) 178-7476"
  },
  {
    "name": "Nizatidine",
    "total_product": 39,
    "total_sales": 870,
    "address": "944 Redwing Way",
    "email": "lbrisardc@alibaba.com",
    "phone_number": "+48 (259) 621-2339"
  },
  {
    "name": "polyethylene glycol (3350)",
    "total_product": 65,
    "total_sales": 753,
    "address": "695 Arrowood Terrace",
    "email": "iheathornd@bloglines.com",
    "phone_number": "+62 (881) 329-7771"
  },
  {
    "name": "Octinoxate and Titanium Dioxide",
    "total_product": 67,
    "total_sales": 964,
    "address": "25136 Sachs Place",
    "email": "orobberechte@symantec.com",
    "phone_number": "+503 (452) 748-3446"
  },
  {
    "name": "Benzonatate",
    "total_product": 41,
    "total_sales": 686,
    "address": "113 Tennessee Park",
    "email": "hbabbidgef@yellowbook.com",
    "phone_number": "+86 (558) 233-0373"
  },
  {
    "name": "ONION",
    "total_product": 31,
    "total_sales": 716,
    "address": "4300 Dakota Court",
    "email": "dpabelikg@studiopress.com",
    "phone_number": "+86 (273) 860-8296"
  },
  {
    "name": "iloperidone",
    "total_product": 28,
    "total_sales": 745,
    "address": "1563 Sage Place",
    "email": "dbockinh@ucoz.ru",
    "phone_number": "+86 (950) 427-1806"
  },
  {
    "name": "Aesculus",
    "total_product": 81,
    "total_sales": 821,
    "address": "80964 Center Lane",
    "email": "parkini@cnbc.com",
    "phone_number": "+86 (933) 936-5727"
  },
  {
    "name": "BENZALKONIUM CHLORIDE",
    "total_product": 68,
    "total_sales": 277,
    "address": "2100 Thackeray Avenue",
    "email": "norteauj@simplemachines.org",
    "phone_number": "+1 (702) 477-6471"
  },
  {
    "name": "Ramipril",
    "total_product": 35,
    "total_sales": 409,
    "address": "019 Knutson Hill",
    "email": "lhuftonk@java.com",
    "phone_number": "+86 (242) 817-8125"
  },
  {
    "name": "Chaetomium globosum",
    "total_product": 60,
    "total_sales": 510,
    "address": "01 Meadow Vale Center",
    "email": "mdunslevel@house.gov",
    "phone_number": "+66 (138) 701-1844"
  },
  {
    "name": "Mineral",
    "total_product": 44,
    "total_sales": 822,
    "address": "13 Grover Crossing",
    "email": "mcalderonm@php.net",
    "phone_number": "+52 (406) 151-9728"
  },
  {
    "name": "ALCOHOL",
    "total_product": 60,
    "total_sales": 656,
    "address": "26288 Kipling Crossing",
    "email": "dcherringtonn@1und1.de",
    "phone_number": "+385 (705) 494-6890"
  },
  {
    "name": "Miconazole nitrate",
    "total_product": 54,
    "total_sales": 959,
    "address": "17539 Dapin Parkway",
    "email": "dboxero@blogtalkradio.com",
    "phone_number": "+380 (192) 413-3074"
  },
  {
    "name": "Salicylic Acid",
    "total_product": 48,
    "total_sales": 493,
    "address": "4 Kim Terrace",
    "email": "psummerlyp@odnoklassniki.ru",
    "phone_number": "+86 (841) 360-5491"
  },
  {
    "name": "cetirizine hydrochloride",
    "total_product": 99,
    "total_sales": 767,
    "address": "1 Pepper Wood Circle",
    "email": "aprucknerq@intel.com",
    "phone_number": "+420 (852) 438-5274"
  },
  {
    "name": "acetaminophen",
    "total_product": 92,
    "total_sales": 460,
    "address": "080 Eastwood Park",
    "email": "theathcottr@slashdot.org",
    "phone_number": "+62 (366) 547-4832"
  },
  {
    "name": "Loratadine",
    "total_product": 44,
    "total_sales": 813,
    "address": "9072 Welch Pass",
    "email": "mmccrorys@deviantart.com",
    "phone_number": "+86 (624) 478-7516"
  },
  {
    "name": "Triclosan",
    "total_product": 77,
    "total_sales": 626,
    "address": "85870 Johnson Parkway",
    "email": "egergert@wunderground.com",
    "phone_number": "+55 (423) 933-9087"
  },
  {
    "name": "Ciclopirox",
    "total_product": 24,
    "total_sales": 353,
    "address": "17 2nd Junction",
    "email": "ranstissu@opera.com",
    "phone_number": "+86 (880) 348-7653"
  },
  {
    "name": "Diltiazem",
    "total_product": 56,
    "total_sales": 358,
    "address": "1 Trailsway Avenue",
    "email": "cduffv@ow.ly",
    "phone_number": "+86 (685) 125-8972"
  },
  {
    "name": "Ethyl Alcohol",
    "total_product": 43,
    "total_sales": 277,
    "address": "876 Veith Avenue",
    "email": "tpartletonw@seattletimes.com",
    "phone_number": "+7 (323) 590-9639"
  },
  {
    "name": "Air",
    "total_product": 77,
    "total_sales": 397,
    "address": "0 Prairieview Trail",
    "email": "pkinnettx@list-manage.com",
    "phone_number": "+55 (851) 273-8246"
  },
  {
    "name": "loperamide HCl",
    "total_product": 61,
    "total_sales": 170,
    "address": "6761 Lyons Plaza",
    "email": "vneggriniy@biglobe.ne.jp",
    "phone_number": "+48 (144) 536-1842"
  },
  {
    "name": "Griseofulvin",
    "total_product": 97,
    "total_sales": 253,
    "address": "02 Luster Avenue",
    "email": "hpautotz@weebly.com",
    "phone_number": "+63 (999) 614-6395"
  },
  {
    "name": "Alcohol",
    "total_product": 95,
    "total_sales": 913,
    "address": "086 Nancy Circle",
    "email": "mjanek10@foxnews.com",
    "phone_number": "+55 (760) 193-3933"
  },
  {
    "name": "levofloxacin",
    "total_product": 29,
    "total_sales": 822,
    "address": "6567 Ridgeview Pass",
    "email": "ncunrado11@nationalgeographic.com",
    "phone_number": "+46 (286) 642-0347"
  },
  {
    "name": "somatropin",
    "total_product": 14,
    "total_sales": 160,
    "address": "7 Barnett Avenue",
    "email": "rsetford12@t-online.de",
    "phone_number": "+7 (184) 580-1165"
  },
  {
    "name": "Bethanechol Chloride",
    "total_product": 61,
    "total_sales": 927,
    "address": "09 Gale Circle",
    "email": "smenchenton13@icio.us",
    "phone_number": "+420 (871) 614-7142"
  },
  {
    "name": "Cefuroxime Axetil",
    "total_product": 54,
    "total_sales": 383,
    "address": "15 Sunfield Parkway",
    "email": "vbater14@go.com",
    "phone_number": "+995 (212) 549-7558"
  },
  {
    "name": "Zolmitriptan",
    "total_product": 58,
    "total_sales": 787,
    "address": "7574 Scoville Court",
    "email": "rchristene15@mozilla.org",
    "phone_number": "+55 (153) 626-6499"
  },
  {
    "name": "Hydroxyzine Pamoate",
    "total_product": 89,
    "total_sales": 839,
    "address": "71 Stuart Way",
    "email": "rschiell16@com.com",
    "phone_number": "+992 (393) 257-8161"
  },
  {
    "name": "ALPRAZOLAM",
    "total_product": 62,
    "total_sales": 950,
    "address": "78364 Lakewood Gardens Hill",
    "email": "cvlasov17@quantcast.com",
    "phone_number": "+507 (406) 224-5742"
  },
  {
    "name": "Ketotifen Fumarate",
    "total_product": 36,
    "total_sales": 821,
    "address": "583 Nobel Drive",
    "email": "rmicklewicz18@canalblog.com",
    "phone_number": "+63 (328) 743-4321"
  },
  {
    "name": "GLIMEPIRIDE",
    "total_product": 76,
    "total_sales": 371,
    "address": "95828 Ryan Place",
    "email": "moculligan19@amazonaws.com",
    "phone_number": "+86 (658) 887-9226"
  },
  {
    "name": "Lisinopril",
    "total_product": 21,
    "total_sales": 376,
    "address": "3181 Meadow Vale Drive",
    "email": "jfearn1a@china.com.cn",
    "phone_number": "+86 (808) 263-9447"
  },
  {
    "name": "OXYMORPHONE HYDROCHLORIDE",
    "total_product": 16,
    "total_sales": 513,
    "address": "6477 Mendota Parkway",
    "email": "gghidoni1b@meetup.com",
    "phone_number": "+351 (606) 641-4962"
  },
  {
    "name": "Clematis",
    "total_product": 11,
    "total_sales": 615,
    "address": "5144 South Way",
    "email": "bhalliday1c@sun.com",
    "phone_number": "+976 (672) 710-6271"
  },
  {
    "name": "octinoxate, octisalate",
    "total_product": 56,
    "total_sales": 553,
    "address": "081 Prairieview Parkway",
    "email": "kagney1d@dropbox.com",
    "phone_number": "+86 (800) 542-6768"
  },
  {
    "name": "BENZALKONIUM CHLORIDE",
    "total_product": 67,
    "total_sales": 546,
    "address": "8 Little Fleur Junction",
    "email": "lcejka1e@theatlantic.com",
    "phone_number": "+92 (836) 979-5224"
  },
  {
    "name": "nicotine polacrilex",
    "total_product": 57,
    "total_sales": 465,
    "address": "965 Hovde Avenue",
    "email": "dcookman1f@accuweather.com",
    "phone_number": "+30 (120) 348-2230"
  },
  {
    "name": "Octinoxate Titanium Dioxide",
    "total_product": 57,
    "total_sales": 101,
    "address": "303 Merchant Park",
    "email": "hmcillrick1g@unicef.org",
    "phone_number": "+224 (548) 835-0566"
  },
  {
    "name": "Phoma betae",
    "total_product": 65,
    "total_sales": 903,
    "address": "07 Schurz Plaza",
    "email": "savesque1h@europa.eu",
    "phone_number": "+86 (413) 695-3913"
  },
  {
    "name": "MENTHOL, METHYL SALICYLATE",
    "total_product": 96,
    "total_sales": 156,
    "address": "0575 Waubesa Circle",
    "email": "wlight1i@purevolume.com",
    "phone_number": "+86 (269) 265-5627"
  },
  {
    "name": "AVOBENZONE",
    "total_product": 82,
    "total_sales": 670,
    "address": "193 Summer Ridge Court",
    "email": "gshere1j@ask.com",
    "phone_number": "+356 (832) 220-0029"
  },
  {
    "name": "Acetaminophen",
    "total_product": 89,
    "total_sales": 166,
    "address": "03 Crescent Oaks Center",
    "email": "vgrooby1k@time.com",
    "phone_number": "+46 (302) 890-9652"
  },
  {
    "name": "Natural Medicine",
    "total_product": 58,
    "total_sales": 322,
    "address": "028 East Road",
    "email": "jkesteven1l@diigo.com",
    "phone_number": "+7 (914) 168-3030"
  },
  {
    "name": "Metformin Hydrochloride",
    "total_product": 60,
    "total_sales": 834,
    "address": "80191 Gateway Avenue",
    "email": "btingley1m@tripadvisor.com",
    "phone_number": "+66 (854) 555-8207"
  },
  {
    "name": "Hydromorphone",
    "total_product": 52,
    "total_sales": 206,
    "address": "4 Stoughton Way",
    "email": "asemark1n@mysql.com",
    "phone_number": "+420 (485) 869-9585"
  },
  {
    "name": "Risperidone",
    "total_product": 24,
    "total_sales": 713,
    "address": "5618 American Drive",
    "email": "llindblom1o@ted.com",
    "phone_number": "+55 (190) 684-9868"
  },
  {
    "name": "C Mold Mixture",
    "total_product": 84,
    "total_sales": 557,
    "address": "498 Morningstar Lane",
    "email": "dchilvers1p@mtv.com",
    "phone_number": "+86 (499) 962-0385"
  },
  {
    "name": "Polyethylene Glycol 3350",
    "total_product": 25,
    "total_sales": 268,
    "address": "44 Aberg Lane",
    "email": "mtraynor1q@com.com",
    "phone_number": "+56 (763) 801-9563"
  },
  {
    "name": "Privet",
    "total_product": 45,
    "total_sales": 587,
    "address": "12563 Mendota Way",
    "email": "abrownsea1r@geocities.jp",
    "phone_number": "+86 (339) 817-8979"
  },
  {
    "name": "Dog Epithelium",
    "total_product": 18,
    "total_sales": 195,
    "address": "16 Weeping Birch Road",
    "email": "gbelin1s@sogou.com",
    "phone_number": "+62 (722) 196-3575"
  },
  {
    "name": "Cephalexin",
    "total_product": 11,
    "total_sales": 613,
    "address": "35017 Bashford Hill",
    "email": "hsunnex1t@seattletimes.com",
    "phone_number": "+53 (460) 968-5690"
  },
  {
    "name": "Baclofen",
    "total_product": 47,
    "total_sales": 500,
    "address": "14 Thierer Terrace",
    "email": "tslemmonds1u@comsenz.com",
    "phone_number": "+62 (184) 963-3018"
  },
  {
    "name": "Citalopram Hydrobromide",
    "total_product": 87,
    "total_sales": 390,
    "address": "2100 Lotheville Junction",
    "email": "bbaskerfield1v@slashdot.org",
    "phone_number": "+1 (272) 764-9406"
  },
  {
    "name": "Triclosan",
    "total_product": 26,
    "total_sales": 407,
    "address": "9 Red Cloud Street",
    "email": "fgreenmon1w@hhs.gov",
    "phone_number": "+62 (690) 380-0816"
  },
  {
    "name": "Acetaminophen",
    "total_product": 12,
    "total_sales": 839,
    "address": "5 Duke Plaza",
    "email": "cchesshyre1x@squidoo.com",
    "phone_number": "+995 (369) 656-3825"
  },
  {
    "name": "Flaxseed",
    "total_product": 93,
    "total_sales": 737,
    "address": "2 Steensland Circle",
    "email": "tcompson1y@businessinsider.com",
    "phone_number": "+86 (184) 854-2346"
  },
  {
    "name": "Ethyl Alcohol",
    "total_product": 31,
    "total_sales": 947,
    "address": "6 Hooker Road",
    "email": "kvell1z@mit.edu",
    "phone_number": "+48 (146) 445-6931"
  },
  {
    "name": "Phenazopyridine HCl",
    "total_product": 47,
    "total_sales": 516,
    "address": "25 Carey Avenue",
    "email": "cworsley20@wiley.com",
    "phone_number": "+86 (981) 657-9799"
  },
  {
    "name": "SALICYLIC ACID",
    "total_product": 44,
    "total_sales": 163,
    "address": "0455 Ronald Regan Drive",
    "email": "lmcdermid21@uol.com.br",
    "phone_number": "+387 (288) 851-3903"
  },
  {
    "name": "NITROUS OXIDE",
    "total_product": 16,
    "total_sales": 430,
    "address": "217 Delaware Circle",
    "email": "aortmann22@ibm.com",
    "phone_number": "+46 (317) 751-1228"
  },
  {
    "name": "carbamazepine",
    "total_product": 93,
    "total_sales": 924,
    "address": "86 Oakridge Way",
    "email": "lmarsland23@unicef.org",
    "phone_number": "+970 (663) 281-1914"
  },
  {
    "name": "diltiazem hydrochloride",
    "total_product": 66,
    "total_sales": 895,
    "address": "2563 Hudson Point",
    "email": "adraye24@bbc.co.uk",
    "phone_number": "+1 (579) 423-3369"
  },
  {
    "name": "amiloride",
    "total_product": 99,
    "total_sales": 672,
    "address": "91569 Union Way",
    "email": "rsiddaley25@nhs.uk",
    "phone_number": "+251 (724) 846-6772"
  },
  {
    "name": "EQUINE",
    "total_product": 69,
    "total_sales": 256,
    "address": "364 Gale Park",
    "email": "bboller26@vinaora.com",
    "phone_number": "+7 (657) 835-6145"
  },
  {
    "name": "Allergena Fragrance",
    "total_product": 43,
    "total_sales": 370,
    "address": "06023 Sycamore Road",
    "email": "twarnes27@ibm.com",
    "phone_number": "+351 (821) 510-2780"
  },
  {
    "name": "clindamycin hydrochloride",
    "total_product": 98,
    "total_sales": 815,
    "address": "366 New Castle Hill",
    "email": "gbernot28@ed.gov",
    "phone_number": "+972 (300) 580-4385"
  },
  {
    "name": "Alcohol",
    "total_product": 22,
    "total_sales": 978,
    "address": "2 Towne Avenue",
    "email": "kkennard29@wisc.edu",
    "phone_number": "+86 (907) 755-8180"
  },
  {
    "name": "Sertraline Hydrochloride",
    "total_product": 53,
    "total_sales": 202,
    "address": "0011 Talmadge Alley",
    "email": "cvanarsdale2a@answers.com",
    "phone_number": "+351 (457) 230-6910"
  },
  {
    "name": "Hydroquinone",
    "total_product": 67,
    "total_sales": 532,
    "address": "39 Oakridge Street",
    "email": "bbransby2b@foxnews.com",
    "phone_number": "+86 (503) 358-4955"
  },
  {
    "name": "Baclofen",
    "total_product": 24,
    "total_sales": 699,
    "address": "20 Westridge Place",
    "email": "vmaclice2c@eventbrite.com",
    "phone_number": "+82 (673) 737-5735"
  },
  {
    "name": "Dextroamphetamine",
    "total_product": 99,
    "total_sales": 981,
    "address": "5273 Jana Junction",
    "email": "madamovicz2d@google.de",
    "phone_number": "+55 (331) 410-7442"
  },
  {
    "name": "Fentanyl",
    "total_product": 86,
    "total_sales": 560,
    "address": "8 Pearson Trail",
    "email": "hpothecary2e@nymag.com",
    "phone_number": "+967 (345) 255-5312"
  },
  {
    "name": "Cough suppressant topical analgesic",
    "total_product": 11,
    "total_sales": 778,
    "address": "95548 2nd Place",
    "email": "rcastillo2f@liveinternet.ru",
    "phone_number": "+48 (453) 427-3184"
  },
  {
    "name": "POTASSIUM",
    "total_product": 99,
    "total_sales": 649,
    "address": "2 Badeau Plaza",
    "email": "elesor2g@fc2.com",
    "phone_number": "+86 (298) 703-4685"
  },
  {
    "name": "Amlodipine Besylate",
    "total_product": 28,
    "total_sales": 579,
    "address": "01 Old Shore Crossing",
    "email": "mdalgarnocht2h@psu.edu",
    "phone_number": "+86 (370) 735-0186"
  },
  {
    "name": "Allium sativum",
    "total_product": 14,
    "total_sales": 270,
    "address": "6604 Buena Vista Road",
    "email": "eoxborough2i@dyndns.org",
    "phone_number": "+98 (516) 589-9648"
  },
  {
    "name": "Acetaminophen",
    "total_product": 76,
    "total_sales": 831,
    "address": "848 Victoria Pass",
    "email": "lbeatty2j@wsj.com",
    "phone_number": "+62 (570) 112-2249"
  },
  {
    "name": "Warfarin Sodium",
    "total_product": 69,
    "total_sales": 480,
    "address": "52 Londonderry Park",
    "email": "afasson2k@berkeley.edu",
    "phone_number": "+54 (513) 745-9284"
  },
  {
    "name": "rivastigmine tartrate",
    "total_product": 53,
    "total_sales": 222,
    "address": "339 Lyons Street",
    "email": "tmathevet2l@netvibes.com",
    "phone_number": "+48 (191) 379-9829"
  },
  {
    "name": "Methylphenidate hydrochloride",
    "total_product": 22,
    "total_sales": 241,
    "address": "953 Nelson Drive",
    "email": "echeyne2m@jimdo.com",
    "phone_number": "+254 (931) 749-8635"
  },
  {
    "name": "tramadol",
    "total_product": 64,
    "total_sales": 173,
    "address": "22 Service Point",
    "email": "hscrivner2n@globo.com",
    "phone_number": "+261 (319) 904-2121"
  },
  {
    "name": "Sulfur, Salicylic Acid",
    "total_product": 80,
    "total_sales": 744,
    "address": "59 Pennsylvania Point",
    "email": "qgoodinge2o@reference.com",
    "phone_number": "+86 (381) 509-7591"
  },
  {
    "name": "Cefaclor",
    "total_product": 60,
    "total_sales": 639,
    "address": "66844 1st Drive",
    "email": "bvickar2p@purevolume.com",
    "phone_number": "+255 (699) 822-4405"
  },
  {
    "name": "Triclosan",
    "total_product": 13,
    "total_sales": 467,
    "address": "03 Delladonna Pass",
    "email": "pmacnish2q@si.edu",
    "phone_number": "+351 (198) 853-8312"
  },
  {
    "name": "montelukast sodium",
    "total_product": 76,
    "total_sales": 550,
    "address": "64 Ridgeview Junction",
    "email": "lgilfillan2r@jiathis.com",
    "phone_number": "+62 (928) 748-6526"
  }
]