[
  {
    "assets": "Marni",
    "type": "Shopping",
    "date": "2023-02-21T01:18:28Z",
    "status": "Refund",
    "amount": 1771
  },
  {
    "assets": "Renault",
    "type": "Sport",
    "date": "2022-12-21T11:02:38Z",
    "status": "Paid",
    "amount": 7815
  },
  {
    "assets": "Gearard",
    "type": "Food",
    "date": "2023-03-02T10:06:01Z",
    "status": "Cancel",
    "amount": 6767
  },
  {
    "assets": "Mirella",
    "type": "Food",
    "date": "2023-10-06T02:55:16Z",
    "status": "Cancel",
    "amount": 6208
  },
  {
    "assets": "Colet",
    "type": "Shopping",
    "date": "2023-03-11T11:05:28Z",
    "status": "Refund",
    "amount": 6198
  },
  {
    "assets": "Archie",
    "type": "Sport",
    "date": "2023-09-15T09:30:21Z",
    "status": "Paid",
    "amount": 9243
  },
  {
    "assets": "Margy",
    "type": "Shopping",
    "date": "2023-02-26T12:30:48Z",
    "status": "Refund",
    "amount": 8304
  },
  {
    "assets": "Fanni",
    "type": "Food",
    "date": "2023-08-08T00:27:09Z",
    "status": "Cancel",
    "amount": 4657
  },
  {
    "assets": "Arabela",
    "type": "Food",
    "date": "2023-08-06T16:36:02Z",
    "status": "Cancel",
    "amount": 2528
  },
  {
    "assets": "Willie",
    "type": "Shopping",
    "date": "2023-02-25T22:38:39Z",
    "status": "Refund",
    "amount": 9992
  },
  {
    "assets": "Charmain",
    "type": "Shopping",
    "date": "2023-04-06T05:41:24Z",
    "status": "Refund",
    "amount": 3311
  },
  {
    "assets": "Jerrie",
    "type": "Sport",
    "date": "2022-12-30T07:13:57Z",
    "status": "Paid",
    "amount": 8327
  },
  {
    "assets": "Erena",
    "type": "Food",
    "date": "2023-08-23T03:51:20Z",
    "status": "Cancel",
    "amount": 8839
  },
  {
    "assets": "Derwin",
    "type": "Sport",
    "date": "2023-08-30T06:51:24Z",
    "status": "Paid",
    "amount": 1301
  },
  {
    "assets": "Avivah",
    "type": "Shopping",
    "date": "2023-09-23T07:08:36Z",
    "status": "Refund",
    "amount": 1729
  },
  {
    "assets": "Marya",
    "type": "Shopping",
    "date": "2022-12-28T09:45:30Z",
    "status": "Refund",
    "amount": 4190
  },
  {
    "assets": "Alick",
    "type": "Food",
    "date": "2023-10-12T19:46:21Z",
    "status": "Cancel",
    "amount": 1797
  },
  {
    "assets": "Juditha",
    "type": "Sport",
    "date": "2023-02-07T17:30:34Z",
    "status": "Paid",
    "amount": 5797
  },
  {
    "assets": "Adriane",
    "type": "Sport",
    "date": "2023-07-01T21:25:58Z",
    "status": "Paid",
    "amount": 7468
  },
  {
    "assets": "Devonne",
    "type": "Shopping",
    "date": "2023-01-27T05:03:51Z",
    "status": "Refund",
    "amount": 1807
  },
  {
    "assets": "Gerry",
    "type": "Sport",
    "date": "2023-06-03T00:12:39Z",
    "status": "Paid",
    "amount": 7295
  },
  {
    "assets": "Erina",
    "type": "Sport",
    "date": "2023-10-20T13:21:04Z",
    "status": "Paid",
    "amount": 5319
  },
  {
    "assets": "Selene",
    "type": "Shopping",
    "date": "2023-10-11T17:35:30Z",
    "status": "Refund",
    "amount": 3941
  },
  {
    "assets": "Fidel",
    "type": "Food",
    "date": "2023-08-23T01:37:44Z",
    "status": "Cancel",
    "amount": 3370
  },
  {
    "assets": "Dasie",
    "type": "Shopping",
    "date": "2023-10-25T20:14:51Z",
    "status": "Refund",
    "amount": 3396
  },
  {
    "assets": "Shandeigh",
    "type": "Shopping",
    "date": "2023-04-25T00:13:03Z",
    "status": "Refund",
    "amount": 1760
  },
  {
    "assets": "Rasia",
    "type": "Sport",
    "date": "2023-05-14T18:44:23Z",
    "status": "Paid",
    "amount": 3321
  },
  {
    "assets": "Trip",
    "type": "Shopping",
    "date": "2023-02-24T05:26:38Z",
    "status": "Refund",
    "amount": 1687
  },
  {
    "assets": "Tiphanie",
    "type": "Sport",
    "date": "2023-09-07T02:07:54Z",
    "status": "Paid",
    "amount": 5691
  },
  {
    "assets": "Moreen",
    "type": "Sport",
    "date": "2022-11-09T06:30:03Z",
    "status": "Paid",
    "amount": 3745
  },
  {
    "assets": "Lorinda",
    "type": "Food",
    "date": "2023-06-10T09:18:56Z",
    "status": "Cancel",
    "amount": 4844
  },
  {
    "assets": "Nelia",
    "type": "Food",
    "date": "2023-04-07T07:53:16Z",
    "status": "Cancel",
    "amount": 3524
  },
  {
    "assets": "Tirrell",
    "type": "Sport",
    "date": "2022-12-10T10:54:22Z",
    "status": "Paid",
    "amount": 5019
  },
  {
    "assets": "Dunc",
    "type": "Sport",
    "date": "2023-06-18T09:30:59Z",
    "status": "Paid",
    "amount": 6574
  },
  {
    "assets": "Obie",
    "type": "Sport",
    "date": "2023-10-21T14:03:55Z",
    "status": "Paid",
    "amount": 8276
  },
  {
    "assets": "Ki",
    "type": "Shopping",
    "date": "2023-06-18T13:49:39Z",
    "status": "Refund",
    "amount": 4140
  },
  {
    "assets": "Salim",
    "type": "Shopping",
    "date": "2023-03-04T11:08:21Z",
    "status": "Refund",
    "amount": 9610
  },
  {
    "assets": "Hilarius",
    "type": "Sport",
    "date": "2023-05-11T10:29:03Z",
    "status": "Paid",
    "amount": 9400
  },
  {
    "assets": "Ashlee",
    "type": "Shopping",
    "date": "2023-08-12T00:03:22Z",
    "status": "Refund",
    "amount": 9570
  },
  {
    "assets": "Jacynth",
    "type": "Food",
    "date": "2022-12-04T06:13:22Z",
    "status": "Cancel",
    "amount": 5431
  },
  {
    "assets": "Daphna",
    "type": "Sport",
    "date": "2022-11-13T08:10:20Z",
    "status": "Paid",
    "amount": 1103
  },
  {
    "assets": "Leoline",
    "type": "Food",
    "date": "2023-06-05T18:09:10Z",
    "status": "Cancel",
    "amount": 6450
  },
  {
    "assets": "Nolan",
    "type": "Food",
    "date": "2023-08-07T16:15:41Z",
    "status": "Cancel",
    "amount": 3273
  },
  {
    "assets": "Thain",
    "type": "Sport",
    "date": "2023-06-03T10:11:26Z",
    "status": "Paid",
    "amount": 9029
  },
  {
    "assets": "Shena",
    "type": "Shopping",
    "date": "2023-07-19T07:24:14Z",
    "status": "Refund",
    "amount": 8333
  },
  {
    "assets": "Della",
    "type": "Shopping",
    "date": "2023-01-09T04:00:17Z",
    "status": "Refund",
    "amount": 1421
  },
  {
    "assets": "Aldous",
    "type": "Food",
    "date": "2023-04-25T05:37:46Z",
    "status": "Cancel",
    "amount": 3185
  },
  {
    "assets": "Marten",
    "type": "Sport",
    "date": "2023-01-24T00:21:07Z",
    "status": "Paid",
    "amount": 6624
  },
  {
    "assets": "Misty",
    "type": "Shopping",
    "date": "2023-09-22T18:32:17Z",
    "status": "Refund",
    "amount": 4823
  },
  {
    "assets": "Berne",
    "type": "Sport",
    "date": "2023-05-29T17:24:16Z",
    "status": "Paid",
    "amount": 2184
  },
  {
    "assets": "Pieter",
    "type": "Shopping",
    "date": "2023-03-18T15:01:22Z",
    "status": "Refund",
    "amount": 4729
  },
  {
    "assets": "Sasha",
    "type": "Shopping",
    "date": "2023-01-11T00:03:01Z",
    "status": "Refund",
    "amount": 4759
  },
  {
    "assets": "Tamara",
    "type": "Shopping",
    "date": "2023-11-02T01:04:10Z",
    "status": "Refund",
    "amount": 2611
  },
  {
    "assets": "Averyl",
    "type": "Sport",
    "date": "2023-05-26T09:38:43Z",
    "status": "Paid",
    "amount": 5262
  },
  {
    "assets": "Philis",
    "type": "Sport",
    "date": "2023-01-06T23:17:45Z",
    "status": "Paid",
    "amount": 3124
  },
  {
    "assets": "Luciana",
    "type": "Sport",
    "date": "2022-11-30T19:28:00Z",
    "status": "Paid",
    "amount": 7206
  },
  {
    "assets": "Inez",
    "type": "Sport",
    "date": "2023-10-15T18:58:35Z",
    "status": "Paid",
    "amount": 7939
  },
  {
    "assets": "Franciska",
    "type": "Shopping",
    "date": "2022-12-18T09:18:12Z",
    "status": "Refund",
    "amount": 6824
  },
  {
    "assets": "Symon",
    "type": "Food",
    "date": "2023-06-01T02:09:57Z",
    "status": "Cancel",
    "amount": 1801
  },
  {
    "assets": "Bonni",
    "type": "Food",
    "date": "2022-11-16T15:47:30Z",
    "status": "Cancel",
    "amount": 8899
  },
  {
    "assets": "Ysabel",
    "type": "Shopping",
    "date": "2023-05-06T03:08:33Z",
    "status": "Refund",
    "amount": 6513
  },
  {
    "assets": "Pearle",
    "type": "Shopping",
    "date": "2023-08-15T01:40:59Z",
    "status": "Refund",
    "amount": 4114
  },
  {
    "assets": "Hobart",
    "type": "Shopping",
    "date": "2023-07-26T13:58:20Z",
    "status": "Refund",
    "amount": 7139
  },
  {
    "assets": "Artair",
    "type": "Sport",
    "date": "2023-02-21T09:28:15Z",
    "status": "Paid",
    "amount": 8133
  },
  {
    "assets": "Joeann",
    "type": "Sport",
    "date": "2023-07-07T19:15:35Z",
    "status": "Paid",
    "amount": 5222
  },
  {
    "assets": "Gertruda",
    "type": "Shopping",
    "date": "2023-04-24T04:29:49Z",
    "status": "Refund",
    "amount": 1225
  },
  {
    "assets": "Joleen",
    "type": "Shopping",
    "date": "2023-01-08T22:55:41Z",
    "status": "Refund",
    "amount": 4596
  },
  {
    "assets": "Alidia",
    "type": "Shopping",
    "date": "2023-04-21T07:10:47Z",
    "status": "Refund",
    "amount": 7549
  },
  {
    "assets": "Inglis",
    "type": "Sport",
    "date": "2023-09-11T08:06:10Z",
    "status": "Paid",
    "amount": 7739
  },
  {
    "assets": "Elvera",
    "type": "Sport",
    "date": "2023-09-28T03:05:32Z",
    "status": "Paid",
    "amount": 6753
  },
  {
    "assets": "Anna-diana",
    "type": "Food",
    "date": "2023-03-28T01:21:18Z",
    "status": "Cancel",
    "amount": 5447
  },
  {
    "assets": "Crichton",
    "type": "Shopping",
    "date": "2023-05-19T04:59:36Z",
    "status": "Refund",
    "amount": 6113
  },
  {
    "assets": "Thacher",
    "type": "Shopping",
    "date": "2023-07-24T05:24:43Z",
    "status": "Refund",
    "amount": 3679
  },
  {
    "assets": "Collen",
    "type": "Sport",
    "date": "2022-12-27T11:19:35Z",
    "status": "Paid",
    "amount": 5436
  },
  {
    "assets": "Darrick",
    "type": "Sport",
    "date": "2023-02-01T13:06:49Z",
    "status": "Paid",
    "amount": 6248
  },
  {
    "assets": "Sandy",
    "type": "Sport",
    "date": "2023-08-20T09:28:36Z",
    "status": "Paid",
    "amount": 5136
  },
  {
    "assets": "Merill",
    "type": "Sport",
    "date": "2023-11-02T21:37:18Z",
    "status": "Paid",
    "amount": 6485
  },
  {
    "assets": "Kaspar",
    "type": "Food",
    "date": "2023-03-22T14:22:11Z",
    "status": "Cancel",
    "amount": 1008
  },
  {
    "assets": "Gillan",
    "type": "Food",
    "date": "2023-01-10T08:53:35Z",
    "status": "Cancel",
    "amount": 5661
  },
  {
    "assets": "Florette",
    "type": "Food",
    "date": "2022-12-28T21:19:35Z",
    "status": "Cancel",
    "amount": 1741
  },
  {
    "assets": "Martguerita",
    "type": "Shopping",
    "date": "2022-11-21T00:20:31Z",
    "status": "Refund",
    "amount": 3726
  },
  {
    "assets": "Gail",
    "type": "Shopping",
    "date": "2023-02-19T13:52:04Z",
    "status": "Refund",
    "amount": 6732
  },
  {
    "assets": "Lynett",
    "type": "Sport",
    "date": "2023-03-22T02:13:16Z",
    "status": "Paid",
    "amount": 8926
  },
  {
    "assets": "Lee",
    "type": "Sport",
    "date": "2023-03-19T04:03:16Z",
    "status": "Paid",
    "amount": 6522
  },
  {
    "assets": "Charmine",
    "type": "Sport",
    "date": "2023-06-29T14:25:00Z",
    "status": "Paid",
    "amount": 8754
  },
  {
    "assets": "Andonis",
    "type": "Sport",
    "date": "2023-06-09T13:20:53Z",
    "status": "Paid",
    "amount": 6319
  },
  {
    "assets": "Marena",
    "type": "Sport",
    "date": "2022-11-29T06:06:28Z",
    "status": "Paid",
    "amount": 9488
  },
  {
    "assets": "Kipp",
    "type": "Shopping",
    "date": "2023-03-11T01:16:23Z",
    "status": "Refund",
    "amount": 8777
  },
  {
    "assets": "Franny",
    "type": "Food",
    "date": "2023-05-07T18:07:40Z",
    "status": "Cancel",
    "amount": 4236
  },
  {
    "assets": "Zelma",
    "type": "Food",
    "date": "2023-07-03T11:02:00Z",
    "status": "Cancel",
    "amount": 4534
  },
  {
    "assets": "Jessa",
    "type": "Shopping",
    "date": "2023-09-21T20:51:37Z",
    "status": "Refund",
    "amount": 5798
  },
  {
    "assets": "Serge",
    "type": "Food",
    "date": "2023-10-16T17:20:56Z",
    "status": "Cancel",
    "amount": 2270
  },
  {
    "assets": "Stephi",
    "type": "Shopping",
    "date": "2023-11-01T05:46:51Z",
    "status": "Refund",
    "amount": 4914
  },
  {
    "assets": "Naoma",
    "type": "Sport",
    "date": "2023-03-09T19:26:34Z",
    "status": "Paid",
    "amount": 3133
  },
  {
    "assets": "Rochell",
    "type": "Food",
    "date": "2023-04-08T17:56:04Z",
    "status": "Cancel",
    "amount": 9760
  },
  {
    "assets": "Lamond",
    "type": "Sport",
    "date": "2023-08-28T21:35:05Z",
    "status": "Paid",
    "amount": 3079
  },
  {
    "assets": "Karalee",
    "type": "Shopping",
    "date": "2023-05-23T13:44:50Z",
    "status": "Refund",
    "amount": 2307
  },
  {
    "assets": "Natalina",
    "type": "Shopping",
    "date": "2023-02-04T14:16:06Z",
    "status": "Refund",
    "amount": 6811
  },
  {
    "assets": "Corri",
    "type": "Sport",
    "date": "2022-11-30T20:39:24Z",
    "status": "Paid",
    "amount": 8812
  },
  {
    "assets": "Adina",
    "type": "Food",
    "date": "2023-06-01T02:42:43Z",
    "status": "Cancel",
    "amount": 3186
  }
]